,clean,backdoor
no_defense,0.9979743361473083,0.8799999952316284
pruning,0.9385550022125244,0.2199999988079071
fine_tuning,1.0,0.8600000143051147
fine_pruning,0.997300922870636,0.2199999988079071
