,clean,backdoor
no_defense,0.9993247985839844,0.8799999952316284
pruning,0.9473328590393066,0.11999999731779099
fine_tuning,0.9993247985839844,0.7799999713897705
fine_pruning,0.9972991347312927,0.11999999731779099
