,clean,backdoor
no_defense,0.998649537563324,0.9599999785423279
pruning,0.945307195186615,0.5600000023841858
fine_tuning,1.0,0.9599999785423279
fine_pruning,0.9932478070259094,0.800000011920929
