,clean,backdoor
no_defense,0.9750168919563293,0.5799999833106995
pruning,0.9250506162643433,0.8600000143051147
fine_tuning,0.9945982694625854,0.03999999910593033
fine_pruning,1.0,0.03999999910593033
