,clean,backdoor
no_defense,0.993923008441925,0.9399999976158142
pruning,0.9432815909385681,0.6399999856948853
fine_tuning,1.0,0.8399999737739563
fine_pruning,0.997300922870636,0.6600000262260437
