,clean,backdoor
no_defense,0.9932478070259094,0.7599999904632568
pruning,0.9399054646492004,0.5400000214576721
fine_tuning,0.9986504912376404,0.699999988079071
fine_pruning,0.9986504912376404,0.4399999976158142
