;clean;backdoor
no_defense;0.998649537563324;0.9599999785423279
pruning;0.9365293979644775;0.0
fine_tuning;0.9993247985839844;0.9599999785423279
fine_pruning;0.9979743361473083;0.8600000143051147
