;clean;backdoor
no_defense;0.9682646989822388;0.0
pruning;0.9189736843109131;0.0
fine_tuning;1.0;0.0
fine_pruning;0.9979743361473083;0.03999999910593033
