,clean,backdoor
no_defense,0.998649537563324,0.9599999785423279
pruning,0.9365293979644775,0.0
fine_tuning,1.0,0.9399999976158142
fine_pruning,0.9824561476707458,0.0
