;drop_rate;epochs;learning;ratio;bias;clean_acc;pois_acc;score
0;0.994;100;0.0005;0.1;0.5;0.9723160266876221;0.47999998927116394;0.7753896117210388
0;0.995;100;0.0005;0.1;0.5;0.9864956140518188;0.5;0.7918973684310913
0;0.996;100;0.0005;0.1;0.5;0.9831194877624512;0.41999998688697815;0.757871687412262
0;0.997;100;0.0005;0.1;0.5;0.977042555809021;0.3799999952316284;0.738225531578064
0;0.998;100;0.0005;0.1;0.5;0.9655638337135315;0.5799999833106995;0.8113382935523986
0;0.999;100;0.0005;0.1;0.5;0.9851451516151428;0.3799999952316284;0.743087089061737
0;1.0;100;0.0005;0.1;0.5;0.9669142365455627;0.6000000238418579;0.8201485514640808
