,clean,backdoor
no_defense,0.9648885726928711,0.9599999785423279
pruning,0.9000675082206726,0.9399999976158142
fine_tuning,1.0,0.9399999976158142
fine_pruning,0.9986504912376404,0.9399999976158142
